<?xml version="1.0" encoding="ISO-8859-1"?>
<STRANGEBREWRECIPE version = "J1.0">
  <DETAILS>
  <NAME>House Best</NAME>
  <BREWER>Mike</BREWER>
  <NOTES></NOTES>
  <EFFICIENCY>75.0</EFFICIENCY>
  <OG>1.066</OG>
  <FG>1.017</FG>
  <STYLE>Special Bitters</STYLE>
  <MASH>false</MASH>
  <LOV>22.5</LOV>
  <IBU>39.2</IBU>
  <ALC>6.6</ALC>
  <BOIL_TIME>60</BOIL_TIME>
  <PRESIZE>20.0</PRESIZE>
  <SIZE>14.0</SIZE>
  <SIZE_UNITS>litres</SIZE_UNITS>
  <MALT_UNITS>pounds</MALT_UNITS>
  <HOPS_UNITS>ounces</HOPS_UNITS>
  <YEAST>S04</YEAST>
  <RECIPE_DATE>04/07/2006</RECIPE_DATE>
  <ATTENUATION>75.0</ATTENUATION>
  <!-- SBJ1.0 Extensions: -->
  <ALC_METHOD>Weight</ALC_METHOD>
  <IBU_METHOD>Tinseth</IBU_METHOD>
  <COLOUR_METHOD>EBC</COLOUR_METHOD>
	 <EVAP>6.0</EVAP>
	 <EVAP_METHOD>Constant</EVAP_METHOD>
  <!-- END SBJ1.0 Extensions -->
  </DETAILS>
  <FERMENTABLES>
    <ITEM>
      <MALT>British two-row</MALT>
      <AMOUNT>3.75</AMOUNT>
      <UNITS>kg</UNITS>
      <POINTS>1.038</POINTS>
      <LOV>2.5</LOV>
      <MASHED>true</MASHED>
      <STEEPED>false</STEEPED>
      <DESCRIPTION>null</DESCRIPTION>
    </ITEM>
    <ITEM>
      <MALT>British crystal 70-80L</MALT>
      <AMOUNT>0.18</AMOUNT>
      <UNITS>kg</UNITS>
      <POINTS>1.034</POINTS>
      <LOV>75.0</LOV>
      <MASHED>true</MASHED>
      <STEEPED>false</STEEPED>
      <DESCRIPTION>null</DESCRIPTION>
    </ITEM>
  </FERMENTABLES>
  <HOPS>
    <ITEM>
      <HOP>Homegrown Cascade</HOP>
      <AMOUNT>18.0</AMOUNT>
      <TIME>15</TIME>
      <UNITS>g</UNITS>
      <FORM>Leaf</FORM>
      <ALPHA>5.0</ALPHA>
      <COSTOZ>0.0</COSTOZ>
      <ADD>Boil</ADD>
      <DESCRIPTION></DESCRIPTION>
      <DATE>null</DATE>
    </ITEM>
    <ITEM>
      <HOP>Kent Golding</HOP>
      <AMOUNT>50.0</AMOUNT>
      <TIME>60</TIME>
      <UNITS>g</UNITS>
      <FORM>Leaf</FORM>
      <ALPHA>4.2</ALPHA>
      <COSTOZ>0.0</COSTOZ>
      <ADD>Boil</ADD>
      <DESCRIPTION></DESCRIPTION>
      <DATE>null</DATE>
    </ITEM>
  </HOPS>
  <MISC>
  </MISC>
  <MASH>
  </MASH>
  <NOTES>
  </NOTES>
</STRANGEBREWRECIPE>