<?xml version="1.0" encoding="ISO-8859-1"?>
<STRANGEBREWRECIPE version = "7">
<!-- This is a SBQT export.  StrangeBrew 1.8 will not import it. -->
  <DETAILS>
   <NAME>Norfolk &amp; Chance</NAME>
   <BREWER>Andy Davison</BREWER>
   <NOTES></NOTES>
   <EFFICIENCY>74</EFFICIENCY>
   <OG>1.051</OG>
   <FG>1.013</FG>
   <STYLE>Extra Special/Strong Bitter (English Pale Ale)</STYLE>
   <MASH>False</MASH>
   <LOV>3.0</LOV>
   <IBU>33.4</IBU>
   <ALC>5.0</ALC>
  <!-- SBJ1.0 Extensions: -->
   <EVAP>1.5</EVAP>
   <EVAP_METHOD>Constant</EVAP_METHOD>
  <!-- END SBJ1.0 Extensions -->
   <BOIL_TIME>60</BOIL_TIME>
   <PRESIZE>26.50</PRESIZE>
   <SIZE>25.00</SIZE>
   <SIZE_UNITS>litres</SIZE_UNITS>
   <MALT_UNITS>pounds</MALT_UNITS>
   <HOPS_UNITS>ounces</HOPS_UNITS>
   <YEAST>Danstar Nottingham Dry Ale Yeast</YEAST>
   <RECIPE_DATE>06/22/2005</RECIPE_DATE>
   <ATTENUATION>75</ATTENUATION>
  <!-- SBJ1.0 Extensions: -->
   <ALC_METHOD>Volume</ALC_METHOD>
   <IBU_METHOD>Tinseth</IBU_METHOD>
   <COLOUR_METHOD>EBC</COLOUR_METHOD>
   <KETTLE_LOSS>0.00</KETTLE_LOSS>
   <TRUB_LOSS>0.00</TRUB_LOSS>
   <MISC_LOSS>0.00</MISC_LOSS>
   <PELLET_HOP_PCT>6</PELLET_HOP_PCT>
   <YEAST_COST>0</YEAST_COST>
   <OTHER_COST>5</OTHER_COST>
  <!-- END SBJ1.0 Extensions -->
  </DETAILS>
  <FERMENTABLES>
    <TOTAL>12.1254</TOTAL>
    <ITEM>
      <MALT>British Lager Two-Row</MALT>
      <AMOUNT>5000</AMOUNT>
      <PERCENT>90.9</PERCENT>
      <UNITS>g</UNITS>
      <POINTS>1.038</POINTS>
      <LOV>1.4</LOV>
      <MASHED>true</MASHED>
      <STEEPED>false</STEEPED>
      <COSTLB>0</COSTLB>
      <DESCRIPTION>null</DESCRIPTION>
    </ITEM>
    <ITEM>
      <MALT>German Light Caramel</MALT>
      <AMOUNT>500</AMOUNT>
      <PERCENT>9.1</PERCENT>
      <UNITS>g</UNITS>
      <POINTS>1.037</POINTS>
      <LOV>2.5</LOV>
      <MASHED>true</MASHED>
      <STEEPED>false</STEEPED>
      <COSTLB>0</COSTLB>
      <DESCRIPTION>null</DESCRIPTION>
    </ITEM>
  </FERMENTABLES>
  <HOPS>
    <TOTAL>3.5274</TOTAL>
    <ITEM>
      <HOP>E. Kent Goldngs</HOP>
      <AMOUNT>60</AMOUNT>
      <TIME>60</TIME>
      <UNITS>g</UNITS>
      <FORM>Leaf</FORM>
      <ALPHA>5</ALPHA>
      <COST_OZ>0</COST_OZ>
      <ADD>Boil</ADD>
      <DESCRIPTION>E. Kent Goldngs: A British grown version of the classic ale finishing hop.  Slightly smoother and more refined than the herbal, Canadian grown version.</DESCRIPTION>
      <DATE></DATE>
    </ITEM>
    <ITEM>
      <HOP>Styrian Golding</HOP>
      <AMOUNT>20</AMOUNT>
      <TIME>2</TIME>
      <UNITS>g</UNITS>
      <FORM>Leaf</FORM>
      <ALPHA>5.5</ALPHA>
      <COST_OZ>0</COST_OZ>
      <ADD>Boil</ADD>
      <DESCRIPTION>Styrian Golding: A nice bittering hop with slightly spicy flavor and aroma characteristics.  Well suited to continental style Lagers and some Ales. Slovinian grown.</DESCRIPTION>
      <DATE></DATE>
    </ITEM>
    <ITEM>
      <HOP>Styrian Golding</HOP>
      <AMOUNT>20</AMOUNT>
      <TIME>15</TIME>
      <UNITS>g</UNITS>
      <FORM>Leaf</FORM>
      <ALPHA>5.5</ALPHA>
      <COST_OZ>0</COST_OZ>
      <ADD>Boil</ADD>
      <DESCRIPTION>Styrian Golding: A nice bittering hop with slightly spicy flavor and aroma characteristics.  Well suited to continental style Lagers and some Ales. Slovinian grown.</DESCRIPTION>
      <DATE></DATE>
    </ITEM>
  </HOPS>
  <MISC>
  </MISC>
  <MASH>
    <NAME>Mash</NAME>
    <MASH_VOLUME>0.00</MASH_VOLUME>
    <MASH_VOL_U>gallons US</MASH_VOL_U>
    <MASH_RATIO>1.25</MASH_RATIO>
    <MASH_RATIO_U>qt/lb</MASH_RATIO_U>
    <MASH_TIME>0</MASH_TIME>
    <MASH_TMP_U>F</MASH_TMP_U>
    <THICK_DECOCT_RATIO>0.6</THICK_DECOCT_RATIO>
    <THIN_DECOCT_RATIO>0.9</THIN_DECOCT_RATIO>
    <MASH_TUNLOSS_TEMP>3</MASH_TUNLOSS_TEMP>
    <GRAIN_TEMP>68</GRAIN_TEMP>
    <BOIL_TEMP>212</BOIL_TEMP>
  </MASH>
   <FERMENTATION_SCHEDULE>
   </FERMENTATION_SCHEDULE>
   <CARB>
      <BOTTLETEMP>68.0</BOTTLETEMP>
      <SERVTEMP>45.0</SERVTEMP>
      <VOL>2.4</VOL>
      <SUGAR>Corn Sugar</SUGAR>
      <AMOUNT>1026.8</AMOUNT>
      <SUGARU>g</SUGARU>
      <TEMPU>F</TEMPU>
      <KEG>False</KEG>
      <PSI>13.72</PSI>
   </CARB>
   <WATER_PROFILE>
      <SOURCE_WATER>
         <NAME>Distilled/RO</NAME>
         <CA>6.42285e-323</CA>
         <MG>6.9533e-310</MG>
         <NA>0</NA>
         <SO4>6.90329e-310</SO4>
         <HCO3>8.6165e-321</HCO3>
         <CL>8.53745e-321</CL>
         <HARDNESS>4.94066e-324</HARDNESS>
         <TDS>1.77864e-322</TDS>
         <PH>5.8</PH>
         <ALKALINITY>6.90328e-310</ALKALINITY>
      </SOURCE_WATER>
      <TARGET_WATER>
         <NAME>Distilled/RO</NAME>
         <CA>5.80106e-13</CA>
         <MG>2.58158e-57</MG>
         <NA>3.69235e+180</NA>
         <SO4>5.55512e+169</SO4>
         <HCO3>4.02903e-37</HCO3>
         <CL>2.64511e+185</CL>
         <HARDNESS>5.48851e-144</HARDNESS>
         <TDS>1.3144e+213</TDS>
         <PH>5.8</PH>
         <ALKALINITY>2.44671e-154</ALKALINITY>
      </TARGET_WATER>
      <ACID>
         <NAME>Citric</NAME>
         <AMT>0.00</AMT>
         <ACIDU>mg</ACIDU>
      </ACID>
   </WATER_PROFILE>
  <NOTES>
  </NOTES>
 <style>
  <subcategory id="8C">    <name>Extra Special/Strong Bitter (English Pale Ale)</name>
    <aroma>
Hop aroma moderately-high to moderately-low, and can use any variety of hops although UK hops are most traditional. Medium to medium-high malt aroma, often with a low to moderately strong caramel component (although this character will be more subtle in paler versions). Medium-low to medium-high fruity esters. Generally no diacetyl, although very low levels are allowed. May have light, secondary notes of sulfur and/or alcohol in some examples (optional).</aroma>
    <appearance>
Golden to deep copper. Good to brilliant clarity. Low to moderate white to off-white head. A low head is acceptable when carbonation is also low.</appearance>
    <flavor>
Medium-high to medium bitterness with supporting malt flavors evident. Normally has a moderately low to somewhat strong caramelly malt sweetness. Hop flavor moderate to moderately high (any variety, although earthy, resiny, and/or floral UK hops are most traditional). Hop bitterness and flavor should be noticeable, but should not totally dominate malt flavors. May have low levels of secondary malt flavors (e.g., nutty, biscuity) adding complexity. Moderately-low to high fruity esters. Optionally may have low amounts of alcohol, and up to a moderate minerally/sulfury flavor. Medium-dry to dry finish (particularly if sulfate water is used). Generally no diacetyl, although very low levels are allowed.</flavor>
    <mouthfeel>
Medium-light to medium-full body. Low to moderate carbonation, although bottled commercial versions will be higher. Stronger versions may have a slight alcohol warmth but this character should not be too high.</mouthfeel>
    <impression>
An average-strength to moderately-strong English ale. The balance may be fairly even between malt and hops to somewhat bitter. Drinkability is a critical component of the style; emphasis is still on the bittering hop addition as opposed to the aggressive middle and late hopping seen in American ales. A rather broad style that allows for considerable interpretation by the brewer.</impression>
    <comments>
More evident malt and hop flavors than in a special or best bitter. Stronger versions may overlap somewhat with old ales, although strong bitters will tend to be paler and more bitter. Fuller's ESB is a unique beer with a very large, complex malt profile not found in other examples; most strong bitters are fruitier and hoppier. Judges should not judge all beers in this style as if they were Fuller's ESB clones. Some modern English variants are brewed exclusively with pale malt and are known as golden or summer bitters. Most bottled or kegged versions of UK-produced bitters are higher-alcohol versions of their cask (draught) products produced specifically for export. The IBU levels are often not adjusted, so the versions available in the US often do not directly correspond to their style subcategories in Britain. English pale ales are generally considered a premium, export-strength pale, bitter beer that roughly approximates a strong bitter, although reformulated for bottling (including containing higher carbonation).</comments>
    <ingredients>
Pale ale, amber, and/or crystal malts, may use a touch of black malt for color adjustment. May use sugar adjuncts, corn or wheat. English hops most typical, although American and European varieties are becoming more common (particularly in the paler examples). Characterful English yeast. "Burton" versions use medium to high sulfate water.</ingredients>
 <stats>
  <og flexible="0">
      <low>1.048</low>
      <high>1.06</high>
  </og>
  <fg flexible="0">
      <low>1.01</low>
      <high>1.016</high>
  </fg>
  <ibu flexible="0">
      <low>30</low>
      <high>50</high>
  </ibu>
  <srm flexible="0">
      <low>6</low>
      <high>18</high>
  </srm>
  <abv flexible="0">
      <low>4.6</low>
      <high>6.2</high>
  </abv>
</stats>
    <examples>
Fullers ESB, Adnams Broadside, Shepherd Neame Bishop's Finger, Samuel Smith's Old Brewery Pale Ale, Bass Ale, Whitbread Pale Ale, Shepherd Neame Spitfire, Marston's Pedigree, Black Sheep Ale, Vintage Henley, Mordue Workie Ticket, Morland Old Speckled Hen, Greene King Abbot Ale, Bateman's XXXB, Gale's Hordean Special Bitter (HSB), Ushers 1824 Particular Ale, Hopback Summer Lightning, Redhook ESB, Great Lakes Moondog Ale, Shipyard Old Thumper, Alaskan ESB, Geary's Pale Ale, Cooperstown Old Slugger</examples>
  </subcategory>
 </style>
</STRANGEBREWRECIPE>