<?xml version="1.0" encoding="ISO-8859-1"?>
<STRANGEBREWRECIPE version = "2.0a7">
<!-- This is a SBJava export.  StrangeBrew 1.8 will not import it. -->
  <DETAILS>
  <NAME>7 Joule Porter</NAME>
  <BREWER>Gord McGreggor</BREWER>
  <NOTES></NOTES>
  <EFFICIENCY>77.0828640788846</EFFICIENCY>
  <OG>1.066</OG>
  <FG>1.016</FG>
  <STYLE>Robust Porter</STYLE>
  <MASH>false</MASH>
  <LOV>16.7</LOV>
  <IBU>43.9</IBU>
  <ALC>6.6</ALC>
  <!-- SBJ1.0 Extensions: -->
  <EVAP>1.5</EVAP>
  <EVAP_METHOD>Constant</EVAP_METHOD>
  <!-- END SBJ1.0 Extensions -->
  <BOIL_TIME>60</BOIL_TIME>
  <PRESIZE>22.5</PRESIZE>
  <SIZE>21.0</SIZE>
  <SIZE_UNITS>litres</SIZE_UNITS>
  <MALT_UNITS>pounds</MALT_UNITS>
  <HOPS_UNITS>ounces</HOPS_UNITS>
  <YEAST>Safale S-04</YEAST>
  <RECIPE_DATE>05/05/2006</RECIPE_DATE>
  <ATTENUATION>75.67552759740262</ATTENUATION>
  <!-- SBJ1.0 Extensions: -->
  <ALC_METHOD>Volume</ALC_METHOD>
  <IBU_METHOD>Tinseth</IBU_METHOD>
  <COLOUR_METHOD>SRM</COLOUR_METHOD>
  <KETTLE_LOSS>1.0</KETTLE_LOSS>
  <TRUB_LOSS>1.0</TRUB_LOSS>
  <MISC_LOSS>1.0</MISC_LOSS>
  <PELLET_HOP_PCT>6.0</PELLET_HOP_PCT>
  <YEAST_COST>0.75</YEAST_COST>
  <OTHER_COST>5.0</OTHER_COST>
  <!-- END SBJ1.0 Extensions -->
  </DETAILS>
  <FERMENTABLES>
    <ITEM>
      <MALT>British Two-Row</MALT>
      <AMOUNT>8.0</AMOUNT>
      <PERCENT>61.5</PERCENT>
      <UNITS>lb</UNITS>
      <POINTS>1.038</POINTS>
      <LOV>2.5</LOV>
      <MASHED>true</MASHED>
      <STEEPED>false</STEEPED>
      <COSTLB>0.47</COSTLB>
      <DESCRIPTION>British Two-Row: Fully modified British malt, easily converted by a single temperature mash.  Preferred by many brewers for full flavored ales.  Pale Ale malt has undergone higher kilning than Klages and is lower in diastatic power so keep adjuncts to 15% or less.</DESCRIPTION>
    </ITEM>
    <ITEM>
      <MALT>British Carastan</MALT>
      <AMOUNT>2.0</AMOUNT>
      <PERCENT>15.4</PERCENT>
      <UNITS>lb</UNITS>
      <POINTS>1.035</POINTS>
      <LOV>34.0</LOV>
      <MASHED>true</MASHED>
      <STEEPED>false</STEEPED>
      <COSTLB>0.9</COSTLB>
      <DESCRIPTION>British Carastan: Also known as CaraStan, use 5 to 20% of English Crystal to add color and a full, toffee/sweet flavor to Bitters, Pale Ales and Porters.</DESCRIPTION>
    </ITEM>
    <ITEM>
      <MALT>Wheat Malt</MALT>
      <AMOUNT>1.0</AMOUNT>
      <PERCENT>7.7</PERCENT>
      <UNITS>lb</UNITS>
      <POINTS>1.039</POINTS>
      <LOV>1.7</LOV>
      <MASHED>true</MASHED>
      <STEEPED>false</STEEPED>
      <COSTLB>0.47</COSTLB>
      <DESCRIPTION>Wheat Malt: Use to make wheat and weizen beers. Also, small amounts (3-6%) aid in head retention to any beer without altering final flavor. Use 5 to 70% in the mash, 40 to 70% being the norm for wheat beers, combined with a high enzyme malt such as Klages.</DESCRIPTION>
    </ITEM>
    <ITEM>
      <MALT>British Brown</MALT>
      <AMOUNT>1.0</AMOUNT>
      <PERCENT>7.7</PERCENT>
      <UNITS>lb</UNITS>
      <POINTS>1.032</POINTS>
      <LOV>70.0</LOV>
      <MASHED>true</MASHED>
      <STEEPED>false</STEEPED>
      <COSTLB>0.64</COSTLB>
      <DESCRIPTION>British Brown</DESCRIPTION>
    </ITEM>
    <ITEM>
      <MALT>Belgian Biscuit</MALT>
      <AMOUNT>8.0</AMOUNT>
      <PERCENT>3.8</PERCENT>
      <UNITS>oz</UNITS>
      <POINTS>1.03</POINTS>
      <LOV>22.5</LOV>
      <MASHED>true</MASHED>
      <STEEPED>false</STEEPED>
      <COSTLB>0.9</COSTLB>
      <DESCRIPTION>Belgian Biscuit: Biscuit is a unique malt in that it  lightly roasted, lending the subtle properties of black and chocolate malts.  Used at the rate of 3 to 15%, it is designed to improve the "bread&amp;biscuits&quot;, or toasted flavor and aroma characteristics to Lagers and Ales</DESCRIPTION>
    </ITEM>
    <ITEM>
      <MALT>British Amber</MALT>
      <AMOUNT>8.0</AMOUNT>
      <PERCENT>3.8</PERCENT>
      <UNITS>oz</UNITS>
      <POINTS>1.03</POINTS>
      <LOV>35.0</LOV>
      <MASHED>true</MASHED>
      <STEEPED>false</STEEPED>
      <COSTLB>0.9</COSTLB>
      <DESCRIPTION>British Amber</DESCRIPTION>
    </ITEM>
  </FERMENTABLES>
  <HOPS>
    <ITEM>
      <HOP>Perle</HOP>
      <AMOUNT>31.0</AMOUNT>
      <TIME>60</TIME>
      <UNITS>g</UNITS>
      <FORM>Pellet</FORM>
      <ALPHA>7.7</ALPHA>
      <COSTOZ>0.04</COSTOZ>
      <ADD>Boil</ADD>
      <DESCRIPTION>Perle: A nice Hallertau/Northern Brewer cross.  Use as a bittering hop for many Lager varieties and, used sparingly, has a pleasant, green hop aroma.</DESCRIPTION>
      <DATE>null</DATE>
    </ITEM>
    <ITEM>
      <HOP>Goldings</HOP>
      <AMOUNT>45.0</AMOUNT>
      <TIME>30</TIME>
      <UNITS>g</UNITS>
      <FORM>Leaf</FORM>
      <ALPHA>4.7</ALPHA>
      <COSTOZ>0.04</COSTOZ>
      <ADD>Boil</ADD>
      <DESCRIPTION>Goldings: A classic flavor and aroma hop which many brewers reserve for their finest Bitter or Pale Ale recipes.  It also works well as a stand alone bittering hop, and good for dry hopping pale ales&amp;bitterFrom the-home-brew-shop.co.uk (Feb 2002):Alpha Acid 4.5 - 5.5% Originally grown in Kent and Surrey, the majority of Goldings are now produced in Worcestershire. The beautiful, flowery Goldings aroma is highly prized by brewers, but supplies are becoming harder to obtain due to poor y</DESCRIPTION>
      <DATE>null</DATE>
    </ITEM>
    <ITEM>
      <HOP>Goldings</HOP>
      <AMOUNT>42.0</AMOUNT>
      <TIME>5</TIME>
      <UNITS>g</UNITS>
      <FORM>Leaf</FORM>
      <ALPHA>4.7</ALPHA>
      <COSTOZ>0.04</COSTOZ>
      <ADD>Boil</ADD>
      <DESCRIPTION>Goldings: A classic flavor and aroma hop which many brewers reserve for their finest Bitter or Pale Ale recipes.  It also works well as a stand alone bittering hop, and good for dry hopping pale ales&amp;bitterFrom the-home-brew-shop.co.uk (Feb 2002):Alpha Acid 4.5 - 5.5% Originally grown in Kent and Surrey, the majority of Goldings are now produced in Worcestershire. The beautiful, flowery Goldings aroma is highly prized by brewers, but supplies are becoming harder to obtain due to poor y</DESCRIPTION>
      <DATE>null</DATE>
    </ITEM>
  </HOPS>
  <MISC>
  </MISC>
  <MASH>
    <MASH_VOLUME>7.24</MASH_VOLUME>
    <MASH_VOL_U>gallons US</MASH_VOL_U>
    <MASH_RATIO>1.25</MASH_RATIO>
    <MASH_RATIO_U>qt/lb</MASH_RATIO_U>
    <MASH_TIME>70</MASH_TIME>
    <MASH_TMP_U>F</MASH_TMP_U>
    <MASH_TUNLOSS_TEMP>0.0</MASH_TUNLOSS_TEMP>
    <ITEM>
      <TYPE>alpha</TYPE>
      <TEMP>151.0</TEMP>
      <DISPL_TEMP>151.0</DISPL_TEMP>
      <END_TEMP>151.0</END_TEMP>
      <DISPL_END_TEMP>151.0</DISPL_END_TEMP>
      <MIN>60</MIN>
      <RAMP_MIN>0</RAMP_MIN>
      <METHOD>infusion</METHOD>
      <DIRECTIONS>Mash in with 4.1 gallons US of water at 163.7 F</DIRECTIONS>
    </ITEM>
    <ITEM>
      <TYPE>mashout</TYPE>
      <TEMP>168.0</TEMP>
      <DISPL_TEMP>168.0</DISPL_TEMP>
      <END_TEMP>168.0</END_TEMP>
      <DISPL_END_TEMP>168.0</DISPL_END_TEMP>
      <MIN>10</MIN>
      <RAMP_MIN>0</RAMP_MIN>
      <METHOD>infusion</METHOD>
      <DIRECTIONS>Add 1.8 gallons US of water at 212.0 F</DIRECTIONS>
    </ITEM>
  </MASH>
  <NOTES>
  </NOTES>
 <style>
  <subcategory id="12B">    <name>Robust Porter</name>
    <aroma>
Roasty aroma (often with a lightly burnt, black malt character) should be noticeable and may be moderately strong. Optionally may also show some additional malt character in support (grainy, bready, toffee-like, caramelly, chocolate, coffee, rich, and/or sweet). Hop aroma low to high (US or UK varieties). Some American versions may be dry-hopped. Fruity esters are moderate to none. Diacetyl low to none.</aroma>
    <appearance>
Medium brown to very dark brown, often with ruby- or garnet-like highlights. Can approach black in color. Clarity may be difficult to discern in such a dark beer, but when not opaque will be clear (particularly when held up to the light). Full, tan-colored head with moderately good head retention.</appearance>
    <flavor>
Moderately strong malt flavor usually features a lightly burnt, black malt character (and sometimes chocolate and/or coffee flavors) with a bit of roasty dryness in the finish. Overall flavor may finish from dry to medium-sweet, depending on grist composition, hop bittering level, and attenuation. May have a sharp character from dark roasted grains, although should not be overly acrid, burnt or harsh. Medium to high bitterness, which can be accentuated by the roasted malt. Hop flavor can vary from low to moderately high (US or UK varieties, typically), and balances the roasted malt flavors. Diacetyl low to none. Fruity esters moderate to none.</flavor>
    <mouthfeel>
Medium to medium-full body. Moderately low to moderately high carbonation. Stronger versions may have a slight alcohol warmth. May have a slight astringency from roasted grains, although this character should not be strong.</mouthfeel>
    <impression>
A substantial, malty dark ale with a complex and flavorful roasty character.</impression>
    <comments>
Although a rather broad style open to brewer interpretation, it may be distinguished from Stout as lacking a strong roasted barley character. It differs from a brown porter in that a black patent or roasted grain character is usually present, and it can be stronger in alcohol. Roast intensity and malt flavors can also vary significantly. May or may not have a strong hop character, and may or may not have significant fermentation by-products; thus may seem to have an "American" or "English" character.</comments>
    <ingredients>
May contain several malts, prominently dark roasted malts and grains, which often include black patent malt (chocolate malt and/or roasted barley may also be used in some versions). Hops are used for bittering, flavor and/or aroma, and are frequently UK or US varieties. Water with moderate to high carbonate hardness is typical. Ale yeast can either be clean US versions or characterful English varieties.</ingredients>
 <stats>
  <og flexible="false">
      <low>1.048</low>
      <high>1.065</high>
  </og>
  <fg flexible="false">
      <low>0.0</low>
      <high>0.0</high>
  </fg>
  <ibu flexible="true">
      <low>25.0</low>
      <high>50.0</high>
  </ibu>
  <srm flexible="true">
      <low>22.0</low>
      <high>35.0</high>
  </srm>
  <abv flexible="false">
      <low>4.8</low>
      <high>6.0</high>
  </abv>
</stats>
    <examples>
Anchor Porter, Great Lakes Edmund Fitzgerald Porter, Sierra Nevada Porter, Bell's Porter, Thirsty Dog Old Leghumper, Otter Creek Stovepipe Porter, Portland Haystack Black Porter, Avery New World Porter, Deschutes Black Butte Porter, Redhook Blackhook Porter</examples>
  </subcategory>
 </style>
</STRANGEBREWRECIPE>