<?xml version="1.0" encoding="ISO-8859-1"?>
<STRANGEBREWRECIPE version = "0.4 (Beta)">
<!-- This is a SBJava export.  StrangeBrew 1.8 will not import it. -->
  <DETAILS>
  <NAME>Bass Ale Clone</NAME>
  <BREWER>Andrew Carmichael</BREWER>
  <NOTES></NOTES>
  <EFFICIENCY>75.0</EFFICIENCY>
  <OG>1.045</OG>
  <FG>1.011</FG>
  <STYLE>Extra Special/Strong Bitter (English Pale Ale)</STYLE>
  <MASH>false</MASH>
  <LOV>10.7</LOV>
  <IBU>33.2</IBU>
  <ALC>4.5</ALC>
  <BOIL_TIME>75</BOIL_TIME>
  <PRESIZE>13.15</PRESIZE>
  <SIZE>11.9</SIZE>
  <SIZE_UNITS>gallons US</SIZE_UNITS>
  <MALT_UNITS>pounds</MALT_UNITS>
  <HOPS_UNITS>ounces</HOPS_UNITS>
  <YEAST>Safale S-04</YEAST>
  <RECIPE_DATE>05/01/2006</RECIPE_DATE>
  <ATTENUATION>75.0</ATTENUATION>
  <!-- SBJ1.0 Extensions: -->
  <ALC_METHOD>Volume</ALC_METHOD>
  <IBU_METHOD>Tinseth</IBU_METHOD>
  <COLOUR_METHOD>SRM</COLOUR_METHOD>
	 <EVAP>1.0</EVAP>
	 <EVAP_METHOD>Constant</EVAP_METHOD>
	 <KETTLE_LOSS>1.0</KETTLE_LOSS>
	 <TRUB_LOSS>1.0</TRUB_LOSS>
	 <MISC_LOSS>1.0</MISC_LOSS>
	 <PELLET_HOP_PCT>6.0</PELLET_HOP_PCT>
	 <YEAST_COST>0.0</YEAST_COST>
	 <OTHER_COST>5.0</OTHER_COST>
  <!-- END SBJ1.0 Extensions -->
  </DETAILS>
  <FERMENTABLES>
    <ITEM>
      <MALT>British Crystal 50-60L</MALT>
      <AMOUNT>2.0</AMOUNT>
      <UNITS>lb</UNITS>
      <POINTS>1.034</POINTS>
      <LOV>55.0</LOV>
      <MASHED>true</MASHED>
      <STEEPED>false</STEEPED>
      <COSTLB>1.58</COSTLB>
      <DESCRIPTION>British Crystal 50-60L</DESCRIPTION>
    </ITEM>
    <ITEM>
      <MALT>British Two-Row</MALT>
      <AMOUNT>15.0</AMOUNT>
      <UNITS>lb</UNITS>
      <POINTS>1.038</POINTS>
      <LOV>2.5</LOV>
      <MASHED>true</MASHED>
      <STEEPED>false</STEEPED>
      <COSTLB>0.47</COSTLB>
      <DESCRIPTION>British Two-Row: Fully modified British malt, easily converted by a single temperature mash.  Preferred by many brewers for full flavored ales.  Pale Ale malt has undergone higher kilning than Klages and is lower in diastatic power so keep adjuncts to 15% or less. </DESCRIPTION>
    </ITEM>
    <ITEM>
      <MALT>Corn (Flaked)</MALT>
      <AMOUNT>2.0</AMOUNT>
      <UNITS>lb</UNITS>
      <POINTS>1.04</POINTS>
      <LOV>0.5</LOV>
      <MASHED>true</MASHED>
      <STEEPED>false</STEEPED>
      <COSTLB>0.9</COSTLB>
      <DESCRIPTION>Corn (Flaked): can add a sweet, corn flavour to beer without additional colour.  Used especially in Classic American (Pre-Prohibition) Pilsners, up to 30%.  Flaked corn is pre-gelatanized and can be added directly to the mash.  </DESCRIPTION>
    </ITEM>
    <ITEM>
      <MALT>Roast Barley</MALT>
      <AMOUNT>1.5</AMOUNT>
      <UNITS>oz</UNITS>
      <POINTS>1.029</POINTS>
      <LOV>650.0</LOV>
      <MASHED>true</MASHED>
      <STEEPED>true</STEEPED>
      <COSTLB>0.9</COSTLB>
      <DESCRIPTION>Roast Barley: Use 10 to 12% to impart a distinct, roasted flavor to Stouts.  Other dark beers also benefit from smaller quantities (2 - 6%). </DESCRIPTION>
    </ITEM>
  </FERMENTABLES>
  <HOPS>
    <ITEM>
      <HOP>Northern Brewer</HOP>
      <AMOUNT>3.0</AMOUNT>
      <TIME>60</TIME>
      <UNITS>oz</UNITS>
      <FORM>Leaf</FORM>
      <ALPHA>6.9</ALPHA>
      <COSTOZ>1.25</COSTOZ>
      <ADD>FWH</ADD>
      <DESCRIPTION>Northern Brewer: Northern Brewer is a versatile bittering hop for Ales, Porters and Stouts. While not considered an aroma hop it can be used to flavor Steam Beer recipes. German grown Northern Brewer will contribute a solid bittering and rich flavor to Ales and Lagers.</DESCRIPTION>
      <DATE>null</DATE>
    </ITEM>
    <ITEM>
      <HOP>E. Kent Goldngs</HOP>
      <AMOUNT>2.0</AMOUNT>
      <TIME>2</TIME>
      <UNITS>oz</UNITS>
      <FORM>Leaf</FORM>
      <ALPHA>5.0</ALPHA>
      <COSTOZ>1.25</COSTOZ>
      <ADD>Boil</ADD>
      <DESCRIPTION>E. Kent Goldngs: A British grown version of the classic ale finishing hop.  Slightly smoother and more refined than the herbal, Canadian grown version.</DESCRIPTION>
      <DATE>null</DATE>
    </ITEM>
  </HOPS>
  <MISC>
  </MISC>
  <MASH>
    <ITEM>
      <TYPE>alpha</TYPE>
      <TEMP>152.0</TEMP>
      <DISPL_TEMP>152.0</DISPL_TEMP>
      <END_TEMP>152.0</END_TEMP>
      <DISPL_END_TEMP>152.0</DISPL_END_TEMP>
      <MIN>60</MIN>
      <RAMP_MIN>0</RAMP_MIN>
      <METHOD>infusion</METHOD>
      <DIRECTIONS>Mash in with 6.0 gallons US of water at 164.9 F</DIRECTIONS>
    </ITEM>
    <ITEM>
      <TYPE>mashout</TYPE>
      <TEMP>168.0</TEMP>
      <DISPL_TEMP>168.0</DISPL_TEMP>
      <END_TEMP>168.0</END_TEMP>
      <DISPL_END_TEMP>168.0</DISPL_END_TEMP>
      <MIN>10</MIN>
      <RAMP_MIN>0</RAMP_MIN>
      <METHOD>infusion</METHOD>
      <DIRECTIONS>Add 2.5 gallons US of water at 212.0 F</DIRECTIONS>
    </ITEM>
  </MASH>
  <NOTES>
  </NOTES>
</STRANGEBREWRECIPE>