<?xml version="1.0" encoding="ISO-8859-1"?>
<!-- BeerXML Format - Generated by BeerSmith  - see www.beersmith.com -->
<RECIPES>
<RECIPE>
 <NAME>On the Dole Porter </NAME>
 <VERSION>1</VERSION>
 <TYPE>All Grain</TYPE>
 <BREWER>Oliver Weatherbee</BREWER>
 <ASST_BREWER></ASST_BREWER>
 <BATCH_SIZE>18.92716800</BATCH_SIZE>
 <BOIL_SIZE>26.11248200</BOIL_SIZE>
 <BOIL_TIME>60</BOIL_TIME>
 <EFFICIENCY>75.0</EFFICIENCY>
 <HOPS>
<HOP>
 <NAME>Centennial</NAME>
 <VERSION>1</VERSION>
 <ORIGIN>US</ORIGIN>
 <ALPHA>11.30</ALPHA>
 <AMOUNT>0.0141750</AMOUNT>
 <USE>Boil</USE>
 <TIME>60.000</TIME>
 <NOTES>Use for: General purpose bittering, aroma in American ales and Wheats
Aroma: Floral, citrus aroma, spicy, clean bittering flavor
Substitutes: Galena, Eroica, Nugget, Bullion
Examples: Sierra Nevada Celebration Ale, Sierra Nevada Bigfoot</NOTES>
 <TYPE>Bittering</TYPE>
 <FORM>Pellet</FORM>
 <BETA>4.00</BETA>
 <HSI>40.0</HSI>
 <DISPLAY_AMOUNT>0.50 oz</DISPLAY_AMOUNT>
 <INVENTORY>0.50 oz</INVENTORY>
 <DISPLAY_TIME>60 min</DISPLAY_TIME>
</HOP>
<HOP>
 <NAME>Centennial</NAME>
 <VERSION>1</VERSION>
 <ORIGIN>US</ORIGIN>
 <ALPHA>11.30</ALPHA>
 <AMOUNT>0.0141750</AMOUNT>
 <USE>Boil</USE>
 <TIME>45.000</TIME>
 <NOTES>Use for: General purpose bittering, aroma in American ales and Wheats
Aroma: Floral, citrus aroma, spicy, clean bittering flavor
Substitutes: Galena, Eroica, Nugget, Bullion
Examples: Sierra Nevada Celebration Ale, Sierra Nevada Bigfoot</NOTES>
 <TYPE>Bittering</TYPE>
 <FORM>Pellet</FORM>
 <BETA>4.00</BETA>
 <HSI>40.0</HSI>
 <DISPLAY_AMOUNT>0.50 oz</DISPLAY_AMOUNT>
 <INVENTORY>0.50 oz</INVENTORY>
 <DISPLAY_TIME>45 min</DISPLAY_TIME>
</HOP>
<HOP>
 <NAME>Williamette</NAME>
 <VERSION>1</VERSION>
 <ORIGIN>US</ORIGIN>
 <ALPHA>5.50</ALPHA>
 <AMOUNT>0.0141750</AMOUNT>
 <USE>Boil</USE>
 <TIME>30.000</TIME>
 <NOTES>Use for: Finishing American and British Ales
Aroma: Mild, grassy, floral, slightly spicy
Substitutes: Fuggles, E.K. Goldings
Examples: Sierra Nevada Porter, Ballard Bitter
</NOTES>
 <TYPE>Aroma</TYPE>
 <FORM>Pellet</FORM>
 <BETA>3.50</BETA>
 <HSI>40.0</HSI>
 <DISPLAY_AMOUNT>0.50 oz</DISPLAY_AMOUNT>
 <INVENTORY>0.50 oz</INVENTORY>
 <DISPLAY_TIME>30 min</DISPLAY_TIME>
</HOP>
<HOP>
 <NAME>Williamette</NAME>
 <VERSION>1</VERSION>
 <ORIGIN>US</ORIGIN>
 <ALPHA>5.50</ALPHA>
 <AMOUNT>0.0141750</AMOUNT>
 <USE>Boil</USE>
 <TIME>15.000</TIME>
 <NOTES>Use for: Finishing American and British Ales
Aroma: Mild, grassy, floral, slightly spicy
Substitutes: Fuggles, E.K. Goldings
Examples: Sierra Nevada Porter, Ballard Bitter
</NOTES>
 <TYPE>Aroma</TYPE>
 <FORM>Pellet</FORM>
 <BETA>3.50</BETA>
 <HSI>40.0</HSI>
 <DISPLAY_AMOUNT>0.50 oz</DISPLAY_AMOUNT>
 <INVENTORY>0.50 oz</INVENTORY>
 <DISPLAY_TIME>15 min</DISPLAY_TIME>
</HOP>
</HOPS>

 <FERMENTABLES>
<FERMENTABLE>
 <NAME>Pale Malt (2 Row) UK</NAME>
 <VERSION>1</VERSION>
 <TYPE>Grain</TYPE>
 <AMOUNT>3.628736</AMOUNT>
 <YIELD>78.0</YIELD>
 <COLOR>3.0</COLOR>
 <ADD_AFTER_BOIL>FALSE</ADD_AFTER_BOIL>
 <ORIGIN>United Kingdom</ORIGIN>
 <SUPPLIER></SUPPLIER>
 <NOTES>Base malt for all English beer styles
Lower diastatic power than American 2 Row Pale Malt</NOTES>
 <COARSE_FINE_DIFF>1.5</COARSE_FINE_DIFF>
 <MOISTURE>4.0</MOISTURE>
 <DIASTATIC_POWER>45.0</DIASTATIC_POWER>
 <PROTEIN>10.1</PROTEIN>
 <MAX_IN_BATCH>100.0</MAX_IN_BATCH>
 <RECOMMEND_MASH>TRUE</RECOMMEND_MASH>
 <IBU_GAL_PER_LB>0.000</IBU_GAL_PER_LB>
 <DISPLAY_AMOUNT>8 lbs</DISPLAY_AMOUNT>
 <INVENTORY>8 lbs</INVENTORY>
 <POTENTIAL >1.036</POTENTIAL>
 <DISPLAY_COLOR>3.0 SRM</DISPLAY_COLOR>
 <EXTRACT_SUBSTITUTE>Pale Liquid Extract</EXTRACT_SUBSTITUTE>
</FERMENTABLE>
<FERMENTABLE>
 <NAME>Chocolate Malt</NAME>
 <VERSION>1</VERSION>
 <TYPE>Grain</TYPE>
 <AMOUNT>0.226796</AMOUNT>
 <YIELD>60.0</YIELD>
 <COLOR>350.0</COLOR>
 <ADD_AFTER_BOIL>FALSE</ADD_AFTER_BOIL>
 <ORIGIN>US</ORIGIN>
 <SUPPLIER></SUPPLIER>
 <NOTES>Dark malt that gives a rich red or brown color and nutty flavor.
Use for: Brown ales, porters, some stouts
Maintains some malty flavor, not as dark as roasted malt.</NOTES>
 <COARSE_FINE_DIFF>1.5</COARSE_FINE_DIFF>
 <MOISTURE>4.0</MOISTURE>
 <DIASTATIC_POWER>0.0</DIASTATIC_POWER>
 <PROTEIN>13.2</PROTEIN>
 <MAX_IN_BATCH>10.0</MAX_IN_BATCH>
 <RECOMMEND_MASH>FALSE</RECOMMEND_MASH>
 <IBU_GAL_PER_LB>0.000</IBU_GAL_PER_LB>
 <DISPLAY_AMOUNT>8.0 oz</DISPLAY_AMOUNT>
 <INVENTORY>8.0 oz</INVENTORY>
 <POTENTIAL >1.028</POTENTIAL>
 <DISPLAY_COLOR>350.0 SRM</DISPLAY_COLOR>
 <EXTRACT_SUBSTITUTE>-</EXTRACT_SUBSTITUTE>
</FERMENTABLE>
<FERMENTABLE>
 <NAME>Roasted Barley</NAME>
 <VERSION>1</VERSION>
 <TYPE>Grain</TYPE>
 <AMOUNT>0.086182</AMOUNT>
 <YIELD>55.0</YIELD>
 <COLOR>300.0</COLOR>
 <ADD_AFTER_BOIL>FALSE</ADD_AFTER_BOIL>
 <ORIGIN>US</ORIGIN>
 <SUPPLIER></SUPPLIER>
 <NOTES>Roasted at high temperature to create a burnt, grainy, coffee like flavor.
Imparts a red to deep brown color to beer, and very strong roasted flavor.
Use 2-4% in Brown ales to add a nutty flavor, or 3-10% in Porters and Stouts for coffee flavor.</NOTES>
 <COARSE_FINE_DIFF>1.5</COARSE_FINE_DIFF>
 <MOISTURE>5.0</MOISTURE>
 <DIASTATIC_POWER>0.0</DIASTATIC_POWER>
 <PROTEIN>13.2</PROTEIN>
 <MAX_IN_BATCH>10.0</MAX_IN_BATCH>
 <RECOMMEND_MASH>FALSE</RECOMMEND_MASH>
 <IBU_GAL_PER_LB>0.000</IBU_GAL_PER_LB>
 <DISPLAY_AMOUNT>3.0 oz</DISPLAY_AMOUNT>
 <INVENTORY>3.0 oz</INVENTORY>
 <POTENTIAL >1.025</POTENTIAL>
 <DISPLAY_COLOR>300.0 SRM</DISPLAY_COLOR>
 <EXTRACT_SUBSTITUTE>-</EXTRACT_SUBSTITUTE>
</FERMENTABLE>
<FERMENTABLE>
 <NAME>Caramel/Crystal Malt - 40L</NAME>
 <VERSION>1</VERSION>
 <TYPE>Grain</TYPE>
 <AMOUNT>0.045359</AMOUNT>
 <YIELD>74.0</YIELD>
 <COLOR>40.0</COLOR>
 <ADD_AFTER_BOIL>FALSE</ADD_AFTER_BOIL>
 <ORIGIN>US</ORIGIN>
 <SUPPLIER></SUPPLIER>
 <NOTES>Adds body, color and improves head retention.
Also called &quot;Crystal&quot; malt.</NOTES>
 <COARSE_FINE_DIFF>1.5</COARSE_FINE_DIFF>
 <MOISTURE>4.0</MOISTURE>
 <DIASTATIC_POWER>0.0</DIASTATIC_POWER>
 <PROTEIN>13.2</PROTEIN>
 <MAX_IN_BATCH>20.0</MAX_IN_BATCH>
 <RECOMMEND_MASH>FALSE</RECOMMEND_MASH>
 <IBU_GAL_PER_LB>0.000</IBU_GAL_PER_LB>
 <DISPLAY_AMOUNT>1.6 oz</DISPLAY_AMOUNT>
 <INVENTORY>1.6 oz</INVENTORY>
 <POTENTIAL >1.034</POTENTIAL>
 <DISPLAY_COLOR>40.0 SRM</DISPLAY_COLOR>
 <EXTRACT_SUBSTITUTE>-</EXTRACT_SUBSTITUTE>
</FERMENTABLE>
<FERMENTABLE>
 <NAME>Special B Malt</NAME>
 <VERSION>1</VERSION>
 <TYPE>Grain</TYPE>
 <AMOUNT>0.045359</AMOUNT>
 <YIELD>65.2</YIELD>
 <COLOR>180.0</COLOR>
 <ADD_AFTER_BOIL>FALSE</ADD_AFTER_BOIL>
 <ORIGIN>Belgium</ORIGIN>
 <SUPPLIER></SUPPLIER>
 <NOTES>Extreme caramel aroma and flavored malt.  Used in dark Belgian Abbey and Trappist ales.  Unique flavor and aroma.</NOTES>
 <COARSE_FINE_DIFF>1.5</COARSE_FINE_DIFF>
 <MOISTURE>4.0</MOISTURE>
 <DIASTATIC_POWER>0.0</DIASTATIC_POWER>
 <PROTEIN>0.0</PROTEIN>
 <MAX_IN_BATCH>10.0</MAX_IN_BATCH>
 <RECOMMEND_MASH>TRUE</RECOMMEND_MASH>
 <IBU_GAL_PER_LB>0.000</IBU_GAL_PER_LB>
 <DISPLAY_AMOUNT>1.6 oz</DISPLAY_AMOUNT>
 <INVENTORY>1.6 oz</INVENTORY>
 <POTENTIAL >1.030</POTENTIAL>
 <DISPLAY_COLOR>180.0 SRM</DISPLAY_COLOR>
 <EXTRACT_SUBSTITUTE></EXTRACT_SUBSTITUTE>
</FERMENTABLE>
</FERMENTABLES>

 <MISCS>
</MISCS>

 <YEASTS>
</YEASTS>

 <WATERS>
</WATERS>

 <STYLE>
 <NAME>Robust Porter</NAME>
 <VERSION>1</VERSION>
 <CATEGORY>Porter</CATEGORY>
 <CATEGORY_NUMBER>12</CATEGORY_NUMBER>
 <STYLE_LETTER>B</STYLE_LETTER>
 <STYLE_GUIDE>BJCP 2004</STYLE_GUIDE>
 <TYPE>Ale</TYPE>
 <OG_MIN>1.04800000</OG_MIN>
 <OG_MAX>1.06500000</OG_MAX>
 <FG_MIN>1.01200000</FG_MIN>
 <FG_MAX>1.01600000</FG_MAX>
 <IBU_MIN>25.0</IBU_MIN>
 <IBU_MAX>55.0</IBU_MAX>
 <COLOR_MIN>22.00000000</COLOR_MIN>
 <COLOR_MAX>40.00000000</COLOR_MAX>
 <CARB_MIN>1.8</CARB_MIN>
 <CARB_MAX>2.5></CARB_MAX>
 <ABV_MAX>6.0</ABV_MAX>
 <ABV_MIN>4.8</ABV_MIN>
 <NOTES>Stronger, darker version of porter with a slight dryness.  Flavor derived from chocolate and black malts, but lacks the strong roasted flavor of a dry stout. Roasty aroma.</NOTES>
 <PROFILE>Medium to full body, slightly dry. Well balanced, low to medium malt flavor and hop bitterness.  Dark brown to black color. Medium to no hop flavor.  Low ester, fruitiness, diacytl.  Low to med carbonation.</PROFILE>
 <INGREDIENTS>English malt. Dark Crystal, chocolate and black or roast malt. Often black patent, chocolate and roasted malts. Traditional english ale hops and yeast.  Moderate to high carbonate water.</INGREDIENTS>
 <EXAMPLES>Sierra Nevada Porter, Anchor Porter, Bell&apos;s Porter, Thirsty Dog Old Leghumper, Otter Creek Stovepipe Porter, Avery New World Porter, Redhook Blackhook Porter</EXAMPLES>
 <DISPLAY_OG_MIN>1.048 SG</DISPLAY_OG_MIN>
 <DISPLAY_OG_MAX>1.065 SG</DISPLAY_OG_MAX>
 <DISPLAY_FG_MIN>1.012 SG</DISPLAY_FG_MIN>
 <DISPLAY_FG_MAX>1.016 SG</DISPLAY_FG_MAX>
 <DISPLAY_COLOR_MIN>22.0 SRM</DISPLAY_COLOR_MIN>
 <DISPLAY_COLOR_MAX>40.0 SRM</DISPLAY_COLOR_MAX>
 <OG_RANGE>1.048-1.065 SG</OG_RANGE>
 <FG_RANGE>1.012-1.016 SG</FG_RANGE>
 <IBU_RANGE>25.0-55.0 IBU</IBU_RANGE>
 <CARB_RANGE>1.8-2.5 vols</CARB_RANGE>
 <COLOR_RANGE>22.0-40.0 SRM</COLOR_RANGE>
 <ABV_RANGE>4.8-6.0 %</ABV_RANGE>
</STYLE>

 <EQUIPMENT>
 <NAME>My Equipment</NAME>
 <VERSION>1</VERSION>
 <BOIL_SIZE>26.11248200</BOIL_SIZE>
 <BATCH_SIZE>18.927168</BATCH_SIZE>
 <TUN_VOLUME>18.92716800</TUN_VOLUME>
 <TUN_WEIGHT>1.814368</TUN_WEIGHT>
 <TUN_SPECIFIC_HEAT>0.300</TUN_SPECIFIC_HEAT>
 <TOP_UP_WATER>0.00000000</TOP_UP_WATER>
 <TRUB_CHILLER_LOSS>3.78543400</TRUB_CHILLER_LOSS>
 <EVAP_RATE>10.0</EVAP_RATE>
 <BOIL_TIME>60.0</BOIL_TIME>
 <CALC_BOIL_VOLUME>TRUE</CALC_BOIL_VOLUME>
 <LAUTER_DEADSPACE>0.94635800</LAUTER_DEADSPACE>
 <TOP_UP_KETTLE>0.00000000</TOP_UP_KETTLE>
 <HOP_UTILIZATION>100.0</HOP_UTILIZATION>
 <COOLING_LOSS_PCT>4.0</COOLING_LOSS_PCT>
 <NOTES></NOTES>
 <DISPLAY_BOIL_SIZE>6.90 gal</DISPLAY_BOIL_SIZE>
 <DISPLAY_BATCH_SIZE>5.00 gal</DISPLAY_BATCH_SIZE>
 <DISPLAY_TUN_VOLUME>5.00 gal</DISPLAY_TUN_VOLUME>
 <DISPLAY_TUN_WEIGHT>4.00 lb</DISPLAY_TUN_WEIGHT>
 <DISPLAY_TOP_UP_WATER>0.00 gal</DISPLAY_TOP_UP_WATER>
 <DISPLAY_TRUB_CHILLER_LOSS>1.00 gal</DISPLAY_TRUB_CHILLER_LOSS>
 <DISPLAY_LAUTER_DEADSPACE>0.25 gal</DISPLAY_LAUTER_DEADSPACE>
 <DISPLAY_TOP_UP_KETTLE>0.00 gal</DISPLAY_TOP_UP_KETTLE>
</EQUIPMENT>

 <MASH>
 <NAME>Single Infusion, Full Body, No Mash Out</NAME>
 <VERSION>1</VERSION>
 <GRAIN_TEMP>16.11111100</GRAIN_TEMP>
 <TUN_TEMP>16.11111100</TUN_TEMP>
 <SPARGE_TEMP>75.55555600</SPARGE_TEMP>
 <PH>5.4</PH>
 <TUN_WEIGHT>1.81436800</TUN_WEIGHT>
 <TUN_SPECIFIC_HEAT>0.30000000</TUN_SPECIFIC_HEAT>
 <EQUIP_ADJUST>TRUE</EQUIP_ADJUST>
 <NOTES>Simple single infusion mash for use with most modern well modified grains (about 95% of the time).</NOTES>
 <DISPLAY_GRAIN_TEMP>61.0 F</DISPLAY_GRAIN_TEMP>
 <DISPLAY_TUN_TEMP>61.0</DISPLAY_TUN_TEMP>
 <DISPLAY_SPARGE_TEMP>168.0 F</DISPLAY_SPARGE_TEMP>
 <DISPLAY_TUN_WEIGHT>4.00 lb</DISPLAY_TUN_WEIGHT>
<MASH_STEPS>
<MASH_STEP>
 <NAME>Mash In</NAME>
 <VERSION>1</VERSION>
 <TYPE>Infusion</TYPE>
 <INFUSE_AMOUNT>10.514042</INFUSE_AMOUNT>
 <STEP_TIME>60</STEP_TIME>
 <STEP_TEMP>70.00000000</STEP_TEMP>
 <RAMP_TIME>2</RAMP_TIME>
 <END_TEMP>70.00000000</END_TEMP>
 <DESCRIPTION>Add 11.11 qt of water at 176.5 F</DESCRIPTION>
 <WATER_GRAIN_RATIO>1.25</WATER_GRAIN_RATIO>
 <DECOCTION_AMT>0.00 qt</DECOCTION_AMT>
 <INFUSE_TEMP>176.5 F</INFUSE_TEMP>
 <DISPLAY_STEP_TEMP>$DISPLAY_STEP_TEMP</DISPLAY_STEP_TEMP>
 <DISPLAY_INFUSE_AMT>11.11 qt</DISPLAY_INFUSE_AMT>
</MASH_STEP>
</MASH_STEPS>

</MASH>

 <NOTES></NOTES>
 <TASTE_NOTES></TASTE_NOTES>
 <TASTE_RATING>35.0</TASTE_RATING>
 <OG>1.01000000</OG>
 <FG>1.00500000</FG>
 <CARBONATION>2.4</CARBONATION>
 <FERMENTATION_STAGES>2</FERMENTATION_STAGES>
 <PRIMARY_AGE>4</PRIMARY_AGE>
 <PRIMARY_TEMP>20.000</PRIMARY_TEMP>
 <SECONDARY_AGE>7</SECONDARY_AGE>
 <SECONDARY_TEMP>20.000</SECONDARY_TEMP>
 <TERTIARY_AGE>0</TERTIARY_AGE>
 <AGE>28.0</AGE>
 <AGE_TEMP>11.111</AGE_TEMP>
 <CARBONATION_USED>-</CARBONATION_USED>
 <FORCED_CARBONATION>TRUE</FORCED_CARBONATION>
 <PRIMING_SUGAR_NAME>Forced CO2</PRIMING_SUGAR_NAME>
 <PRIMING_SUGAR_EQUIV>1.00</PRIMING_SUGAR_EQUIV>
 <KEG_PRIMING_FACTOR>1.00</KEG_PRIMING_FACTOR>
 <CARBONATION_TEMP>15.6</CARBONATION_TEMP>
 <DISPLAY_CARB_TEMP>60.0 F</DISPLAY_CARB_TEMP>
 <DATE>2/2/2005</DATE>
 <EST_OG>1.047 SG</EST_OG>
 <EST_FG>1.012 SG</EST_FG>
 <EST_COLOR>23.5 SRM</EST_COLOR>
 <IBU>56.9 IBU</IBU>
 <IBU_METHOD>Tinseth</IBU_METHOD>
 <EST_ABV>4.5 %</EST_ABV>
 <ABV>0.6 %</ABV>
 <ACTUAL_EFFICIENCY>16.0 %</ACTUAL_EFFICIENCY>
 <CALORIES>43 cal/pint</CALORIES>
 <DISPLAY_BATCH_SIZE>5.00 gal</DISPLAY_BATCH_SIZE>
 <DISPLAY_BOIL_SIZE>6.90 gal</DISPLAY_BOIL_SIZE>
 <DISPLAY_OG>1.010 SG</DISPLAY_OG>
 <DISPLAY_FG>1.005 SG</DISPLAY_FG>
 <DISPLAY_PRIMARY_TEMP>68.0 F</DISPLAY_PRIMARY_TEMP>
 <DISPLAY_SECONDARY_TEMP>68.0 F</DISPLAY_SECONDARY_TEMP>
 <DISPLAY_TERTIARY_TEMP>68.0 F</DISPLAY_TERTIARY_TEMP>
 <DISPLAY_AGE_TEMP>52.0 F</DISPLAY_AGE_TEMP>
</RECIPE>
</RECIPES>
